siswa,jawaban_1,jawaban_2,jawaban_3,jawaban_4,jawaban_5,jawaban_6,jawaban_7,jawaban_8,jawaban_9,jawaban_10,nilai_manual_1,nilai_manual_2,nilai_manual_3,nilai_manual_4,nilai_manual_5,nilai_manual_6,nilai_manual_7,nilai_manual_8,nilai_manual_9,nilai_manual_10
siswa_1,"Komputer adalah serangkaian ataupun sekelompok mesin elektronik yang terdiri dari ribuan bahkan jutaan komponen yang dapat saling bekerja sama, serta membentuk sebuah sistem kerja yang rapi dan teliti. Sistem ini kemudian dapat digunakan untuk melaksanakan serangkaian pekerjaan secara otomatis, berdasar urutan instruksi ataupun program yang diberikan kepadanya. ","- Teknologi informasi dapat digunakan untuk mengontrol jumlah barang yang dihasilkan dan jumlah barang yang keluar, sehingga ddata yang ada dapat lebih mudah diakses dan teliti. - Kegiatan pemasaran yang memanfaatkan Teknologi informasi seperti promosi produk via internet, penjualan barang secara online, dan penyedia jasacustomer serviceonline. - Dalam bidang manajemen karyawan, Teknologi informasi mempermudah manajer untuk mencari informasi tentang karyawannya.","Hardware yaitu perangkat keras komputer. contohnya mouse, monitor, cpu, keyboard dan speaker. ","Data adalah kumpulan kejadian yang diangkat dari suatu kenyataan (fakta), dapat berupa angka-angka, huruf, atau simbol-simbol khusus. Informasi adalah sekumpulan data/ fakta yang diorganisasi atau diolah dengan cara tertentu sehingga mempunyai arti bagi penerima. Pengetahuan adalah Informasi yang telah diproses dan diorganisasikan untuk memperoleh pemahaman, pembelajaran dan pengalaman yang terakumulasi. ",- Recycle yaitu mendaur ulang sesuatu atau mengolah kembali suatu barang yang sudah tidak digunakan agar bisa dimanfaatkan kembali. - Reuse adalah menggunakan kembali material atau bahan yang masih layak dipakai. - Reduce adalah konsep pengurangan atau Mengurangi pemakaian suatu material tertentu yang dianggap dapat Mengurangi produksi sampah dan tidak menyebabkan konsupsi berlebih.,"Volatile memory adalah memory yang datanya dapat ditulis dan dihapus ,tetapi hilang saat kehilangan power (kondisi off) dan membutuhkan catu daya dalam mempertahankan memory. ","LCD (Liquid Cristal Display), CPU (Central Processing Unit), GPS (Global Positioning System) ","Cupcake, Donat, Eclair, Froyo, Gingerbread, Honeycomb, Ice Cream Sandwich, Jelly Bean, Kitkat, Lollipop dan Marshmallow ","Topologi adalah cara stasiun atau host (node) saling dihubungkan. beberpa jenis topologi Jaringan lan yang ada dan sering di terapkan yaitu Point-to-point, Bus (Multipoint), Ring, Star, dan Tree. ","Bluetooth adalah suatu peralatan media komunikasi yang dapat digunakan untuk menghubungkan sebuah perangkat komunikasi dengan perangkat komunikasi lainnya, bluetooth umumnya digunakan di handphone, komputer atau pc, tablet, dan lain-lain. ",77,28,47,55,28,87,94,88,45,30
siswa_2 ,komputer adalah mesin penghitung ,"bisnis menjadi lebih efisien, efektif, jangkauan pemasaran lebih luas, peluang lebih besar ","Hardware adalah perangkat keras, contohnya CPU, Monitor, Keyboard ","Data adalah fakta mentah atau rincian peristiwa yang belum diolah, yang terkadang tidak dapat diterima oleh akal pikiran dari penerima data tersebut, maka dari itu data harus diolah terlebih dahulu menjadi informasi untuk dapat di terima oleh penerima. Informasi adalah hasil pengolahan data yang sudah dapat diterima oleh akal pikiran penerima informasi yang nantinya dapat digunakan untuk pengambilan keputusan. Pengetahuan adalah informasi atau maklumat yang diketahui atau disadari oleh seseorang. ","dengan menerapkan program extended producer responsibility (EPR), suatu program dimana produser bertanggung jawab mengambil kembali (take back) produk-produk yang tidak terpakai. ","merupakan memory yang datanya dapat ditulis serta dihapus,tetapi akan hilang saat kehilangan power (kondisi off) serta membutuhkan satu daya dalam mempertahankan memory. ","liquid crystal display, central processing unit, global position system ","cupcake,doughnat, eclair, froyo, gingerbread, honeycomb, ice cream sandwich, jelly bean. kitkat, lollipop, marshmellow ","Pengertian Topologi jaringan adalah bagian yang menjelaskan hubungan antar komputer yang di bangun berdasarkan kegunaan, keterbatasan resource dan keterbatasan biaya, berarti topologi-topologi jaringan yang ada bisa disesuaikan dengan keadaan di lapangan. Contoh Topologi Bus, Star, token ring, tree, ",Bluetooth adalah spesifikasi industri untuk jaringan kawasan pribadi (personal area networks atau PAN) tanpa kabel. Bluetooth menghubungkan dan dapat dipakai untuk melakukan tukar-menukar informasi di antara peralatan-peralatan. ,12,27,43,42,24,87,82,85,45,63
siswa_3,mesin yang membantu manusia untuk menjalankan segara pekerjaan ,"mempersingkat waktu,memperoleh koneksi bisnis dengan cepat.. mempromosikan produk dengan cepat ","perangkat keras komputer. mouse,keyboard,hardisk,flashdisk,monitor ","data adalah sekumpulan informasi, informasi adalah sekumpulan data, pengetahuan adalah ilmu yang logis dan dapat dipahami ","di daur ulang, memanfaatkan yang masih bisa di pakai, di pendam ",memori penyimapan ,"liquid crystal display, central prosesor unit, global position system ","donut,eclair,froyo,gingerbread,honeycomb,ice cream sandwitch, jelly bean,kitkat ","topologi jaringan komputer. topologi bus,topologi ring, topologi star ",untuk menstranfer suatu file ,25,26,44,10,12,5,82,86,45,23
siswa_4,"Komputer adalah alat komputasi yang diciptakan untuk menghitung tambah, kurang, kali, bagi. ",1. Mempersingkat waktu. 2. Memudahkan dalam transaksi. 3. Memudahkan dalam melihat barang belanjaan. ,Hardware adalah tampat atau perangkat keras yang mendukung kinerja dari perangkat lunak. 1. Monitor. 2. Keyboard. 3. Mouse. 4. Speaker. 5. CPU. ,Data adalah kumpulan dari beberapa bahan mentah dari suatu kejadian. Informasi adalah kumpulan dari data-data yang di olah dan di jadikan satu. Pengetahuan adalah ilmu yang di dapat dari data-data dan informasi. ,1. Mendaur ulang. 2. Mengubah menjadi kerajinan tangan. 3. Memanfaatkan sparepart yang masih dapat digunakan. ,"Merupakan memory yang datanya dapat ditulis serta dihapus, tetapi akan hilang saat kehilangan power (kondisi off) serta membutuhkan satu daya dalam mempertahankan memory. ",LCD = Liquid Crystal Display. CPU = Control Processing Unit. GPS = Global Positioning System. ,"Cupkace, Donut, Eclair, Froyo, Gingerbread, Honeycomb, Ice Cream Sandwich, Jelly Bean, Kit Kat, Marshmallow. ",LAN (Local Are Network) menghubungkan satu komputer dengan komputer lainnya yang berada dalam satu wilayah jaringan. 1. Topologi Bus. 2. Topologi Star. 3. Topologi Tree. ,Bluetooth adalah spesifikasi industri untuk jaringan kawasan pribadi (personal area networks atau PAN) tanpa kabel. Bluetooth menghubungkan dan dapat dipakai untuk melakukan tukar-menukar informasi di antara peralatan-peralatan. ,11,27,45,52,23,87,94,84,57,63
siswa_5,alat untuk memudahkan masnusia ,untuk memudahkan kehidupan ,perangkat keras ,data berisi informasi ,dibuang di tempatnya ,memori jangka pendek ,LCD = liquid crystal display CPU=Central personal unit ,"gingerbread , ice cream sandwich ",jaringan dengan kabel ,transfer antar hape ,11,6,18,8,8,7,69,28,11,15
siswa_6,"Komputer adalah alat yang dipakai untuk mengolah data menurut prosedur yang telah dirumuskan. Kata computer pada awalnya dipergunakan untuk menggambarkan orang yang perkerjaannya melakukan perhitungan aritmatika, dengan atau tanpa alat bantu, tetapi arti kata ini kemudian dipindahkan kepada mesin itu sendiri. Asal mulanya, pengolahan informasi hampir eksklusif berhubungan dengan masalah aritmetika, tetapi komputer modern dipakai untuk banyak tugas yang tidak berhubungan dengan matematika. ","Semakin maraknya penggunaan TIK akan semakin membuka lapangan pekerjaan,Bisnis yang berbasis TIK atau yang biasa disebut e-commerce dapat mempermudah transaksi-traansaksi bisnis suatu perusahaan atau peroranga, Dengan fasilitas pemasangan iklan di internet pada situs-situs tertentu akan mempermudah kegiatan promosi dan pemasaran suatu produk. ","Hardware adalah perangkat keras pada komputer yang dapat digunakan untuk membantu penggunanya.contohnya keyboard, mouse, joystik, headset, scanner. ","Data adalah sebuah fakta atau serangkaian fakta yang mewakili suatu kejadian. Contoh: umur, nilai ujian, warna mobil, ukuran sepatu, jenis rambut. Informasi adalah hasil pemrosesan dari data yang telah terkumpul sehingga memiliki arti dalam suatu konteks tertentu. Sedangkan Pengetahuan adalah hasil pengolahan informasi sehingga menjadi bermanfaat. ","Melihat komposisi material dari produk elektronik ini, kita bisa simpulkan bahwa nilai ekonomisnya sangat tinggi. Beberapa material bisa didaur ulang seperti plastik, baik itu untuk menghasilkan bahan baku plastik kembali ataupun diolah untuk menghasilkan bahan bakar setara dengan bensin dan solar, kemudian aneka macam logam seperti besi, tembaga, aluminium tentunya sangat bernilai ekonomis tinggi kalau bisa dimanfaatkan lagi, belum lagi beberapa logam dalam jumlah yang kecil tetapi sangat bernilai seperti perak dan emas tentunya menjadikan daur ulang ini sangat menjanjikan ke depannya. ","Merupakan memory yang datanya dapat ditulis serta dihapus,tetapi akan hilang saat kehilangan power kondisi off serta membutuhkan satu daya dalam mempertahankan memory. ","Liquid Crystal Display, Central Processing Unit, Global Positioning System. ","Cupcake,Donut,Eclair ,Froyo, Gingerbread, Honeycomb , Ice Cream Sandwich , Jelly Bean ,KitKat,Lolipop. ","Pada topologi ring setiap komputer di hubungkan dengan komputer lain dan seterusnya sampai kembali lagi ke komputer pertama, dan membentuk lingkaran sehingga disebut ring, topologi ini berkomunikasi menggunakan data token untuk mengontrol hak akses komputer untuk menerima data, misalnya komputer 1 akan mengirim file ke komputer 4, maka data akan melewati komputer 2 dan 3 sampai di terima oleh komputer 4. ",Bluetooth adalah spesifikasi industri untuk jaringan kawasan pribadi (personal area networks atau PAN) tanpa kabel. Bluetooth menghubungkan dan dapat dipakai untuk melakukan tukar-menukar informasi di antara peralatan-peralatan. ,25,26,47,82,48,87,87,91,33,52
siswa_7,komputer merupakan alat untuk mengolah data. melakukan perhitungan aritmatika dan melakukan segala pekerjaan yang dapat memudahkan manusia ,"dapat memudahkan proses perencanaan, distribusi, dan produksi dalam kegiatan bisnis ","hardwar artinya adalah perangkat keras. contohnya Power supply, CPU, hard disk, Video adaptor, dan Sound card ","data adalah fakta mentah sperti kumpulan angka atau huruf serta kumpulan kata tanpa arti, informasi adalah sekumpulan data yang mengandung arti, pengetahuan adalah informasi yang telah dikombinasi dengan pemahaman ","meningkatkan umur suatu produk, mendaur ulang produk yang tidak terpakai secara benar, mengekspor ke negara maju untuk dikembangkan ",volatile memory adalah memory yang berisi data dan dapat ditulis maupun dihapus kembali ,"Liquid Crystal Display, Central Processing Unit, Global Positioning System ","cupcake, donut, eclair, froyo, gingerbread, honeycomb, ice cream Sandwich, jelly bean, kitkat, lollipop, Marshmallow ","topologi jaringan LAN cara stasiun atau host dihubungkan. contohnya adalah topologi Point to Point, topologi bus, topologi star dan topologi ring ",Bluetooth adalah jaringan pribadi tanpa kabel. dapat dipakai untuk tukar-menukar informasi antar perangkat ,43,24,42,68,25,70,87,91,47,57
siswa_8,"Komputer adalah alat yang dipakai untuk mengolah data menurut prosedur yang telah dirumuskan. Kata computer pada awalnya dipergunakan untuk menggambarkan orang yang perkerjaannya melakukan perhitungan aritmatika, dengan atau tanpa alat bantu, tetapi arti kata ini kemudian dipindahkan kepada mesin itu sendiri. ",-Semakin maraknya penggunaan TIK akan Semakin membuka lapangan pekerjaan. -Bisnis yang berbasis TIK atau yang biasa disebut e-commerce dapat mempermudah transaksi-traansaksi Bisnis suatu perusahaan atau perorangan -Dengan fasilitas pemasangan iklan di internet pada situs-situs tertentu akan mempermudah Kegiatan promosi dan pemasaran suatu produk.,"hardware= perangkat keras komputer, semua yg bisa kita sentuh dan bisa kita lihat bentuk nyatanya dalam komputer. contoh monitor, mouse, keyboard, motherboard, vga, ram, processor, dll ","-Data adalah sebuah fakta atau serangkaian fakta yang mewakili suatu kejadian. Contoh: umur, nilai ujian, warna mobil, ukuran sepatu, jenis rambut, dsb. -Informasi adalah hasil pemrosesan dari data yang telah terkumpul sehingga memiliki arti dalam suatu k","Masyarakat bisa menjual sampahnya kepada Ecocash. Petugas akan mendatangi rumah pengguna jasa, mengambil perangkat elektronik bekas, lantas membayarnya. Perangkat yang rusak atau mati pun tetap ada harganya. Saat ini, layanan penjemputan sampah elektronik secara gratis baru ada untuk wilayah Jakarta dan Tangerang. Daerah lain di Jabodetabek bisa dilayani, tetapi dikenai tarif tambahan untuk pengambilan barang. “Perangkat elektronik tersebut akan kami salurkan untuk dipilah dan didaur ulang. Jadi, peran kami adalah membantu orang-orang meneruskan sampah elektronik mereka ke pihak-pihak yang bisa mengelolanya,” tutur Amrit Gurbani, Co-Founder PT Mitra Kersa Artha di kantornya, Jumat (3/7). Menyerahkan limbah elektronik kepada pihak yang bisa mengolahnya dapat menjadi salah satu cara yang kita tempuh untuk mengatasi menumpuknya sampah elektronik selain mempertimbangkan masak-masak sebelum membeli perangkat elektronik. Sementara itu, kita tetap berharap perusahaan elektronik mau bertanggung jawab mengelola kembali produknya dan negara kita punya sistem yang terintegrasi untuk mengelola sampah. ","Volatile, bertentangan dengan memori non-volatile , adalah memori komputer yang membutuhkan kekuatan untuk mempertahankan informasi yang tersimpan; mempertahankan isinya sementara bertenaga pada tetapi ketika listrik terganggu data yang disimpan hilang sangat cepat atau segera. Volatile memiliki beberapa kegunaan, misalnya sebagai memori utama . Selain biasanya menjadi lebih cepat dari bentuk penyimpanan massal seperti hard disk drive yang , volatilitas dapat melindungi informasi sensitif seperti itu menjadi tidak tersedia pada kekuasaan-down. Sebagian besar tujuan umum random-access memory (RAM) adalah stabil. ",CPU -Central Processing Unit LCD - Liquid Crystal Display GPS -Global Positioning System ,-Cupcake -Donut -Eclair -Froyo -Gingerbread -Honeycomb -Ice Cream Sandwich -Jelly Bean -KitKat,"Topologi Ring Pada topologi ring setiap komputer di hubungkan dengan komputer lain dan seterusnya sampai kembali lagi ke komputer pertama, dan membentuk lingkaran sehingga disebut ring, topologi ini berkomunikasi menggunakan data token untuk mengontrol hak akses komputer untuk menerima data, misalnya komputer 1 akan mengirim file ke komputer 4, maka data akan melewati komputer 2 dan 3 sampai di terima oleh komputer 4, jadi sebuah komputer akan melanjutkan pengiriman data jika yang dituju bukan IP Address dia. topologi jaringan komputer Kelebihan dari topologi jaringan komputer ring adalah pada kemudahan dalam proses pemasangan dan instalasi, penggunaan jumlah kabel lan yang sedikit sehingga akan menghemat biaya. Kekurangan paling fatal dari topologi ini adalah, jika salah satu komputer ataupun kabel nya bermasalah, maka pengiriman data akan terganggu bahkan error. ",Bluetooth adalah teknologi nirkabel (tanpa kabel) yang dapat menyambungkan beberapa perangkat melalui gelombang radio frekuensi rendah. Bluetooth menggunakan gelombang radio yang omni direksional dan dapat menembus dinding. Jadi perangkat yang memiliki bluetooth pada area tertentu akan saling tersambung tanpa digabungkan dengan seutas kabel. Bluetooth menyediakan transfer data 720 Kbps dalam jarak 40 meter. ,29,27,77,53,40,50,100,88,42,70
siswa_9,"Komputer adalah serangkaian ataupun sekelompok mesin elektronik yang terdiri dari ribuan bahkan jutaan komponen yang dapat saling bekerja sama, serta membentuk sebuah sistem kerja yang rapi dan teliti. Sistem ini kemudian dapat digunakan untuk melaksanakan serangkaian pekerjaan secara otomatis, berdasar urutan instruksi ataupun program yang diberikan kepadanya. ","1. Semakin maraknya penggunaan TIK akan semakin membuka lapangan pekerjaan. 2, Bisnis yang berbasis TIK atau yang biasa disebut e-commerce dapat mempermudah transaksi-traansaksi bisnis suatu perusahaan atau perorangan 3. Dengan fasilitas pemasangan iklan di internet pada situs-situs tertentu akan mempermudah kegiatan promosi dan pemasaran suatu produk. ","Hardware adalah perangkat keras pada komputer yang dapat digunakan untuk membantu penggunanya. contoh: keyboard, mouse, joystik, heatset, monitor ","Data adalah sebuah fakta atau serangkaian fakta yang mewakili suatu kejadian. Contoh: umur, nilai ujian, warna mobil, ukuran sepatu, jenis rambut, dsb. Informasi adalah hasil pemrosesan dari data yang telah terkumpul sehingga memiliki arti dalam suatu konteks tertentu. Contoh: lulusan terbaik tahun 2009, rata-rata IPK lulusan 2009, dsb. Sedangkan Pengetahuan adalah hasil pengolahan informasi sehingga menjadi bermanfaat. ","Sampah elektronik yang tidak terkelola dengan baik menimbulkan masalah. Komponen-komponennya mengandung bahan berbahaya dan beracun (B3). Circuit board komputer misalnya, mengandung logam-logam berat seperti timah, krom, besi, timbal, perak, dan tembaga. Komponen di dalam televisi dan monitor komputer bekas pun mengandung timah, kadmium, dan merkuri. Limbah-limbah ini, jika tidak ditangani dengan benar, menjadi polutan bagi air, tanah, dan udara. Ini juga akan berpengaruh buruk terhadap kesehatan orang-orang yang ada di sekitarnya. ","merupakan memory yang datanya dapat ditulis serta dihapus,tetapi akan hilang saat kehilangan power (kondisi off) serta membutuhkan satu daya dalam mempertahankan memory. ",LCD Liquid Crystal Display Central Processing Unit GPS Global Positioning System ,1. Android versi 1.0 (Astro) 2. Android versi 1.1 (Bender) 3. Android versi 1.5 (Cupcake) 4. Android versi 1.6 (Donut) 5. Android versi 2.0/2.1 (Eclair) 6. Android versi 2.2 (Froyo: Frozen Yoghurt) 7. Android versi 2.3 (Gingerbread) 8. Android versi 3.0/3.1 (Honeycomb) 9. Android versi 4.0 (ICS: Ice Cream Sandwich) 10. Android versi 4.1 (Jelly Bean) 11. Android versi 4.4 (KitKat) 12. Android L 5.0 ,Topologi jaringan sendiri merupakan suatu bentuk/ struktur jaringan yang menghubungkan antar komputer satu dengan yang lain dengan menggunakan media kabel maupun nirkabel. 1. topologi bus 2. topologi star 3. topologi tree ,Bluetooth adalah spesifikasi industri untuk jaringan kawasan pribadi (personal area networks atau PAN) tanpa kabel. Bluetooth menghubungkan dan dapat dipakai untuk melakukan tukar-menukar informasi di antara peralatan-peralatan. Spesifiksi dari peralatan Bluetooth ini dikembangkan dan didistribusikan oleh kelompok Bluetooth Special Interest Group. ,60,29,52,58,25,87,92,72,52,66
siswa_10,"Komputer adalah alat yang dipakai untuk mengolah data menurut prosedur yang telah dirumuskan. Kata komputer pada awalnya dipergunakan untuk menggambarkan orang yang perkerjaannya melakukan perhitungan aritmatika, dengan atau tanpa alat bantu, tetapi arti kata ini kemudian dipindahkan kepada mesin itu sendiri ","Memperluas Pangsa Pasar, Mengurangi biaya produksi dan operasional, Mempermudah proses komunikasi dan monitoring setiap karyawan, Munculnya peluang bisnis baru yakni E-Business ","engertian Hardware atau Perangkat Keras adalah komponen pada komputer yang dapat terlihat dan disentuh secara fisik. contoh Monitor, CPU, Speaker, Keyboard, Mouse, Printer, Scanner ",data adalah kumpulan dari fakta. Informasi adalah kumpulan data yang dibutuhkan oleh konsumen atau user. Pengetahuan adalah kumpulan informasi yang ditulis dan mempunyai tujuan tertentu ,"melakukan recycle pada e waste yang masih bisa digunakan, mengurangi penggunaan alat elektronik yang tidak perlu digunakan, gunakan lah kembali alat listrik yang masih bisa digunakan ","Volatile memory adalah memory yang datanya dapat ditulis dan dihapus ,tetapi hilang saat kehilangan power (kondisi off) dan membutuhkan catu daya dalam mempertahankan memory. contohnya RAM ","kepanjangan LCD adalah Liquid Crystal Display, kepanjangan CPU adalah Central Processing Unit, kepanjangan GPS adalah Global Positioning System ","2.3 Android Cupcake, Android Donut, Android Eclair, Android Eclair, Android Froyo, Android Gingerbread, Android Honeycomb, Android Ice Cream Sandwich, Android Jelly Bean, Android KitKat, Android Lollipop, Android Marshmallow ","topologi jaringan komputer adalah suatu cara atau konsep untuk menghubungkan beberapa atau banyak komputer sekaligus menjadi suatu jaringan yang saling terkoneksi. contoh topologi star, topologin bus, topologi mesh, topologi tree ",Bluetooth adalah teknologi jaringan tanpa kabel yang berjarak pendek untuk menghubungkan 2 alat ,39,47,77,44,9,84,89,80,52,29
siswa_11,alat yang dipakai untuk mengolah data menurut prosedur yang telah dirumuskan ,Dapat menyimpan file-file yang penting ,"Hardware adalah Perangkat keras contohnya cpu,PC,mouse,keyboard,printer ","Data adalah sesuatu yang tersimpan,informasi adalah kata-kata yang bersifat penting,pengetahuan adalah informasi yang penting ",Di olah kembali menjadi barang yang berguna ,memory yang datanya dapat ditulis dan dihapus ,"liquid-crystal display,pronounced as separate letters,The Global Positioning System ","Cupcake,Donut,Eclair,Froyo,Gingerbread,Honetcome,ICS,Jelly Bean,KitKat,Lolipop,Marsmallow ","Tipologi star,Bus,Tree,Ring ",Jaringan yang digunakan untuk pengiriman data ,25,13,48,24,13,45,56,82,27,19
siswa_12,komputer adalah barang elektronik pintar yang semakin tahun dikembangkan dengan menambahkan banyak fitur dan komponen tambahan yang kemudian disatu padukan menjadi bentuk. ,"mempercepat kinerja bisnis, membuat pekerjaan bisnis jadi lebih mudah, mempermudah memonitoring karyawan. ","hardware adalah sebuah perangkat keras komputer, contohnya mouse, keyboard, monitor, harddisk external, flasdisk dll ","data adalah kumpulan informasi dan pengetahuan, dan informasi kumpulan dari pengetahuan yang di informasikan, dan pengetahuan sendiri adalah sumber yang tidak tampak yang mampu memrikan informasi dan data. ","dilakukan pelelehan barang elektronik, melakukan daur ulang, dan upgreade bahan dari yang tidak layak menjadi layak. ","Memori yang datanya sudah diisi oleh pembuat chip memori, artinya user meminta kepada pabrik pembuat memori agar diisi sesuai dengan keinginannya. ","liquid crystal display, central processor unit, global positioning system. ","Cupcake (1.5), Donut (1.6), Eclair (2.0–2.1), Froyo (2.2–2.2.3), Gingerbread (2.3–2.3.7), Honeycomb (3.0–3.2.6), Ice Cream Sandwich (4.0–4.0.4), Jelly Bean (4.1–4.3), KitKat (4.4+), dan lolypop (5.0). ","jaringan yang menggunakan kabel ftp atau utp. topologi star, topologi bus, dan topologi tree ",suatu alat untuk tranfer file yang terbatas jarak. ,19,25,47,42,20,22,77,77,46,25
siswa_13,"Komputer adalah alat yang dipakai untuk mengolah data menurut prosedur yang telah dirumuskan. Kata computer pada awalnya dipergunakan untuk menggambarkan orang yang perkerjaannya melakukan perhitungan aritmatika, dengan atau tanpa alat bantu, tetapi arti kata ini kemudian dipindahkan kepada mesin itu sendiri. ",1. untuk pengembang bisnis 2. untuk memperluas bisnis 3. untuk mengenalkan bisnis kita ,"hardware adalah perangkat keras yang terdapat pada perangkat komputer. contoh 1. Keyboard , 2. Mouse, 3. Speaker, 4. Webcam, 5. Controller ","Data adalah sekumpulan fakta yang berupa angka, huruf, gambar, dan gambar bergerak yang belum mempunyai arti / makna. Informasi adalah sekumpulan data yang benar (bukan opini / gosip) yang sudah mempunya arti / makna untuk kita terima. Pengetahuan adalah informasi yang di terima otak untuk diolah dan dicerna, agar sebagian informasi yang penting / berguna bagi otak untuk disimpan. Untuk kemudian otak akan memberi sikap apa yang harus kita lakukan. ",1. dengan cara mendaur ulang sampah elektronik 2. mengurangi penggunaan sampah elektronik ,"Volatile memory merupakan memory yang datanya dapat ditulis serta dihapus,tetapi akan hilang saat kehilangan power (kondisi off) serta membutuhkan satu daya dalam mempertahankan memory. ",LCD : Liquid Crystal Display CPU : Central Processing Unit GPS : Global Positioning System ,"yakni Cupcake (1.5), Donut (1.6), Eclair (2.0–2.1), Froyo (2.2–2.2.3), Gingerbread (2.3–2.3.7), Honeycomb (3.0–3.2.6), Ice Cream Sandwich (4.0–4.0.4), Jelly Bean (4.1–4.3), dan KitKat (4.4+), Android Lollipop 5.0, ","LAN adalah Local Area Network, 1. Topologi Bus 2. Topologi Star 3. Topologi RIng ",Bluetooth adalah spesifikasi industri untuk jaringan kawasan pribadi (personal area networks atau PAN) tanpa kabel. Bluetooth menghubungkan dan dapat dipakai untuk melakukan tukar-menukar informasi di antara peralatan-peralatan. ,31,22,50,45,27,87,100,77,49,52
siswa_14,alat bantu untuk mempermudah pekerjaan manusia ,"untuk memudahkan pemasaran , memudahkan pengolahan data , sarana yang mudah bagi masyarakat ","perangkat keras yang berwujud , komputer,laptop, monitor , proyektor ","data adalah data sebelum diolah , informasi data yang sudah diolah , pengetahuan yang didapat dari informasi ","dibuar kerajinan , dikubur , disimpan ","memory yang datanya dapat ditulis serta dihapus,tetapi akan hilang saat kehilangan power dalam kondisi off, serta membutuhkan satu daya dalam mempertahankan memory ","LCD lead cristal display , CPU central processor unit ","Donut , eclair , froyo , gingerbread , honeycomb , icecream sandwich , jellybean , kitkat , lollipop , marsmallow ","jaringan yang mencakut dalam satu area , untuk gedung , untuk rumah , untuk pabrik ",teknologi sinyal untuk menghubungkan perangkat dalam pengiriman dan penerimaan data ,28,30,40,22,9,87,44,88,20,30
siswa_15,komputer adalah alat untuk mempermudah manusia dalam melakukan aktivitas shari hari ,"mempermudah koneksi antar perusahaan, menambah penghasilan secara cepat ","hardware adalah perangkat keras yang bisa dilihat oleh mata, yang bisa membantu kinerja komputer contohnya : monitor, keyboard, mouse, printer, speaker ","data adalah kumpulan informasi yang belum diolah, informasi adalah kumpulan data yang sudah diolah, pengetahuan adalah kumpulan data yang diperoleh dari beberapa informasi yang bisa ditanggungjawabkan ",-mendaur ulang yang masih bisa dipakai -membuang ke tempat pembuangan akhir -memanfaatkan yang bisa dipakai,"merupakan memory yang datanya dapat ditulis serta dihapus,tetapi akan hilang saat kehilangan power (kondisi off) serta membutuhkan satu daya dalam mempertahankan memory ","LCD = Liquid Cristal Display, CPU = Central Processing Unit, GPS = Global Place System ","Cupcakes, Donuts, Eclair, Froyo, Gingerbread, Honeycomb, Ice cream sandwich, Jelly Bean, KitKat, Lollipop, Marshmallow ",jaringan Local Area Network adalah jaringan antar satu gedung ,Bluetooth adalah spesifikasi industri untuk jaringan kawasan pribadi (personal area networks atau PAN) tanpa kabel. ,28,28,55,47,22,87,78,91,24,31
siswa_16,Komputer adalah sebuah perangkat yang saat ini digunakan untuk berbagai keperluan. Fungsi komputer sendiri banyak namun pada dasarnya komputer digunakan sebagai alat berhitung dan mengolah informasi. Komputer bisa menerima inputan dari perangkat inputan seperti keyboard dan mouse kemudian mengeluarkan hasil melalui perangkat output seperti printer dan juga monitor ,-lebih efisien -lebih hemat -lebih aman,"-Salah satu komponen dari sebuah komputer yang sifat alat nya bisa dilihat dan diraba secara langsung atau yang berbentuk nyata, yang berfungsi untuk mendukung proses komputerisasi. -Contohnya: -Monitor -CPU -Mouse -Keyboard -Printer ",-Data adalah fakta mentah yang belum diolah -informasi adalah fakta yang sudah mengalami proses pengolahan -Pengetahuan adalah informasi yang telah dipadukan dan menghasilkan sebuah pemahaman baru,-Dengan melebur bahan bekas itu menjadi bahan mentah. -Mengambil spare part barang itu kemudian dipasang ke perangkat yang lain. -di daur ulang.,"Volatile merupakan memory yang datanya dapat ditulis serta dihapus, tetapi akan hilang jika tidak ada aliran listrik (kondisi mati/off) dan membutuhkan daya untuk mempertahankan memory. ","-LCD,yaitu Liquid Crystal Display -CPU,yaitu Central Processing Unit -GPS yaitu Global Positioning System","Cupcake,Donat,Eclare,Foyo,Gingerbread,Honeycomb,IcecreamSandwich,Jellybean,Kitkat,Lolipop,Marshmallow ",-Topologi adalah suatu cara atau konsep untuk menghubungkan beberapa atau banyak komputer sekaligus menjadi suatu jaringan yang saling terkoneksi. -Topologi star. -Topolog mesh. -Topologi ring.,"Suatu peralatan media komunikasi yang dapat digunakan untuk menghubungkan sebuah perangkat komunikasi dengan perangkat komunikasi lainnya, bluetooth umumnya digunakan di handphone, komputer atau pc, tablet, dan lain-lain. ",28,27,55,55,23,93,100,87,51,29
siswa_17,serangkaian atau sekelompok mesin elektronik yang terdiri dari ratusan komponen yang saling bekerja sama ,"mempermudah transaksi bisnis, mempermudah kegiatan promosi, mempermudah proses pendidikan ","pemroses atau CPU sebagai unit pengolahan, memori ram tempat menyimpan data sementara, hard drive media menyimpanan data semi permanen, perangkat masukan data untuk proses oleh CPU, perangkat keluaran yang menampilkan hasil keluaran proses CPU ","data adalah sekumpulan informasi, informasi adalah pengetahuan dari sumber yang didapat, pengetahuan adalah ilmu yang sudah ada ",di daur ulang ,"merupakan memory yang datanya dapat ditulis dan dihapus, tetapi dapat hilang saat kondisi power off ","liquid crystal display, central processing unit, global positioning system ","donut, eclair, froyo, gingerbread, honeycomb, ice cream sandwich, jelly bean, kitkat ","topologi point to point, topologi bus(multipoint), topologi ring, topologi star, topologi tree ",menghubungkan dan dapat dipakai untuk melakukan tukar menukar informasi di antara peralatan peralatan ,32,24,11,21,11,73,90,83,29,47
siswa_18,"Komputer adalah serangkaian ataupun sekelompok mesin elektronik yang terdiri dari ribuan bahkan jutaan komponen yang dapat saling bekerja sama, serta membentuk sebuah sistem kerja yang rapi dan teliti. Sistem ini kemudian dapat digunakan untuk melaksanakan serangkaian pekerjaan secara otomatis, berdasar urutan instruksi ataupun program yang diberikan kepadanya. ",Berikut ini adalah keuntungan dari teknologi Informasi dan komunikasi : 1. Membantu mempercepat pekerjaan manusia 2. Mempermudah komunikasi jarak jauh. 3. Mempermudah sistem administrasi 4. Mempermudah proses transaksi keuangan ,hardware adalah perangkat keras komputer -mouse -speaker -printer -keyboard -cpu ,"- Data adalah sebuah fakta atau serangkaian fakta yang mewakili suatu kejadian. Contoh: umur, nilai ujian, warna mobil, ukuran sepatu, jenis rambut, dsb. - Informasi adalah hasil pemrosesan dari data yang telah terkumpul sehingga memiliki arti dalam suatu",dengan cara menghancurkannya dengan alat berat ,"Volatile memory merupakan memory yang datanya dapat ditulis serta dihapus,tetapi akan hilang saat kehilangan power (kondisi off) serta membutuhkan satu daya dalam mempertahankan memory. ",- LCD (Liquid Crystal Display) - CPU (centrak process Unit) -GPS (Global Positioning System),"- Donut, - eclair - ginggerbread - honeycomb - icecream sandwich - jellybean - kitkat - lollipop - marsmallow ",Pengertian topologi jaringan komputer adalah suatu cara atau konsep untuk menghubungkan beberapa atau banyak komputer sekaligus menjadi suatu jaringan yang saling terkoneksi - Topologi Ring - Topologi Bus - Topologi Star ,Bluetooth adalah spesifikasi industri untuk jaringan kawasan pribadi (personal area networks atau PAN) tanpa kabel. Bluetooth menghubungkan dan dapat dipakai untuk melakukan tukar-menukar informasi di antara peralatan-peralatan. Spesifiksi dari peralatan Bluetooth ini dikembangkan dan didistribusikan oleh kelompok Bluetooth Special Interest Group. ,60,44,48,70,7,87,78,68,52,57
siswa_19,alat yang membantu manusia untuk mengerjakan pekerjaan ,"praktis, memudahkan ",hardware merupakan perangkat keras ,data isi informasi ,membuang pada tempatnya ,memory jangka pendek ,liquid central display ,"jelly beans, lollypoop ",jaringan dengan kabel ,menstransfer data melalui ponsel ,25,10,25,8,8,11,23,10,18,15
siswa_20,"Komputer adalah alat yang dipakai untuk mengolah data menurut prosedur yang telah dirumuskan. Kata computer pada awalnya dipergunakan untuk menggambarkan orang yang perkerjaannya melakukan perhitungan aritmatika, dengan atau tanpa alat bantu, tetapi arti kata ini kemudian dipindahkan kepada mesin itu sendiri. ",kecepatan transaksi. kenyamanan pelanggan. ketepatan transaksi. ,"hardware adalah perangkat keras adalah salah satu komponen dari sebuah komputer yang sifat alat nya bisa dilihat dan diraba secara langsung atau yang berbentuk nyata, yang berfungsi untuk mendukung proses komputerisasi. ",data adalah suatu kumpulan data yang masih mentah. informasi adalah data yang sudah diolah. pengetahuan adalah kumpulan berbagai informasi yang telah diolah. ,reduce. reuse. recycle. ,Pengertian topologi jaringan komputer adalah suatu cara atau konsep untuk menghubungkan beberapa atau banyak komputer sekaligus menjadi suatu jaringan yang saling terkoneksi. ,LCD: Liquid Crystal Display. CPU: Central Personal Unit. GPS: Global Positioning System. ,cupcake. gingerbread. jellybean. kitkat. lolipop. marshmellow. ,Pengertian topologi jaringan komputer adalah suatu cara atau konsep untuk menghubungkan beberapa atau banyak komputer sekaligus menjadi suatu jaringan yang saling terkoneksi. contohnya: topologi star. topologi bus. topologi tree. ,Bluetooth adalah spesifikasi industri untuk jaringan kawasan pribadi (personal area networks atau PAN) tanpa kabel. Bluetooth menghubungkan dan dapat dipakai untuk melakukan tukar-menukar informasi di antara peralatan-peralatan. ,30,19,48,48,9,1,87,32,55,53
siswa_21,Apa yang dimaksud dengan komputer? (Jawab dalam 1-3 kalimat) ,- Sebagai media pemasaran / transaksi - Sebagai media komunikasi - Sebagai media promosi,Hardware adalah perangkat keras dalam komputer - mouse - monitor - cpu - keyboard - Printer ,Data merupakan bahan informasi yang belum diolah informasi merupakan data yang sudah diolah dan sudah bisa memberikan informasi secara lengkap pengetahuan merupakan ilmu yang dipoleh dari sebuah informasi ,- melakukan pengumpulan sampah elektronik dan selanjutnya dipilah dan didaur ulang,Merupakan memori yang akan hilang datanya keika arus listrik dipadamkan ,LCD (Liquid Crystal Display) CPU (Central Processing Unit) GPS (Global Positioning System) ,- Android Cupcake - Android Donut - Android Eclair - Android Froyo - Android Jellybean,Topologi jaringan LAN (LOCAL Area Network) adalah topologi jaringan bertingkat contoh - Topologi Bus - Topologi Ring - Topologi star ,Bluetooth merupakan media untuk transfer data ,6,27,55,52,23,30,100,45,52,26
siswa_22,"Komputer adalah alat yang dapat digunakan untuk mengolah suatu data menurut prosedur yang telah dirumuskan dalam komputer itu sendiri. komputer juga dapat digunakan untuk membantu perhitungan aritmetika, serta untuk pengolahan suatu informasi. ","-Dengan adanya Teknologi, kita dapat memanfaatkannya untuk promosi produk kepada konsumen -kita dapat mengembangkan produk yang kita buat Dengan mudah Dengan bantuan informasi yang terbaru -kita dapat menciptakan sesuatu yang baru dan unik untuk produk yang kita buat Dengan memanfaatkan Teknologi yang sedang berkembang saat ini",Hardware atau perangkat keras adalah komponen pada komputer yang dapat dilihat atau disentuh secara fisik. Contoh hardware adalah: -printer -hard disk -monitor -cpu -keyboard -mouse -joystick -processor -speaker -usb ,-Data adalah sebuah fakta atau serangkaian fakta yang mewakili suatu kejadian -informasi adalah suatu hasil pemrosesan dari Data yang telah terkumpul sehingga memiliki arti Dalam suatu konteks tertentu -Pengetahuan adalah hasil pengolahan informasi sehingga menjadi bermanfaat,-salurkan sampah elektronik -daur ulang sampah elektronik -menyimpannya di rumah,"adalah data yang datanya dapat ditulis dan dihapus, tetapi akan hilang saat kehilangan power dan membutuhkan catu daya ",-LCD adalah Liquid Crystal Display -CPU adalah Central Processing Unit -GPS adalah Global Positioning System,-Cupcake -Donut -Eclair -Froyo -Gingerbread -Honeycomb -Ice Cream Sandwich -Jelly Bean -KitKat,LAN adalah Local Area Network merupakan sebuah node yang saling terhubung dan memanfaatkan beberapa jenis topologi yang ada. contohnya: -point to point -bus -ring ,Bluetooth adalah suatu peralatan media komunikasi yang dapat digunakan untuk menghubungkan sebuah perangkat komunikasi dengan perangkat komunikasi lainnya. ,32,40,68,90,23,84,100,88,49,29
siswa_23,komputer adalah alat pengolah data menurut prosedur yang telah di rumuskan ,bisnis dapat terstruktur dengan lebih baik lebih mudah mengelolanya ,hardware adalah perangkat keras pada komputer dan salah satu komponen dari sebuah komputer yang sifatnya bisa di lihat dalam bentuk nyata ,data adalah catatan atas kumpulan fakta informasi adalah kumpulan pesan yang dapat di tafsirkan dari pesan atau kumpulan pesan pengetahuan adalah informasi yang di ketahui oleh seseorang ,mendaur ulang ,memory yang datanya bisa di tulis dan di hapus ,"LCD : liquid crystal dysplay, CPU : Central processing unit, GPS : global position system ","cupcake, donut, eclair, froyo, gingerbread, honeycomb, ice cream sendwich, jelly bean, kitkat, lollipop, marsmellow ",topologi lan adalah topologi pada jaringan komputer yang menggunakan media kabel sebagai jalur transmisinya ,bluetooth adalah spesifikasi industri untuk untuk jaringgan dengan kawasan pribadi ,25,19,50,53,11,42,90,91,25,19
siswa_24,"komputer adalah alat elektronik yang memiliki komputasi yang sangat tinggi dengan spesifikasi seperti menggunakan windows 10 untuk kerjaan kantor, bermain game, menonton film. ","bisnis dapat menjadi lebih terstruktur, lebih mudah pengelolaannya, dan kita dapat memantau traffic bisnis yang sedang berjalan sehingga dapat meningkatkan produksi barang dan keuntungan perusahaan. ","hardware adalah perangkat keras. contoh : mouse, keyboard, headset, speaker, laptop, printer. ","data adalah sebuah catatan atas sekumpulan fakta. informasi adalah sekumpulan data mentah yang telah diolah menjadi sesuatu yang dapat menguntungkan user, pengetahuan adalah sekumpulan informasi yang mengakibatkan user menjadi belajar dan mendapatkan wawasan baru. ",recycle - reuse - refuse. ,volatile memory adalah memory yang datanya tidak dapat dihapus / ditulis kembali sehingga hanya bisa dibaca saja. ,LCD : liquid crystal display. CPU : central processing unit. GPS : global position system. ,cupcake - doughnut - eclair - froyo - gingerbread - honeycomb - ice cream sandwich - jellybean - kitkat - lollipop - marshmallow. ,"topologi LAN adalah topologi pada jaringan komputer yang menggunakan media kabel sebagai jalur transmisinya. contoh : star, bus, ring, mesh, hybird. ",bluetooth adalah spesifikasi industri untuk jaringan dengan kawasan pribadi / PAN tanpa kabel yang berfungsi untuk melakukan tukar menukar informasi antara gadget yang memiliki konektivitas bluetooth. ,22,26,53,59,9,50,92,85,45,46
siswa_25,"Komputer adalah alat bantu hitung manusia, yang sekarang sudah dikembangkan dapat membantu banyak tugas manusia. ","Pemasaran semakin luas dan mudah, Pengelolaan data atau uang menjadi lebih mudah dan tidak ada kacau. ","Hardware adalah perangkat keras, contoh Monitor, Keyboar, Mouse, Printer, Scanner, Stop kontak, Proyektor, Baterai, Joystick, Microkontroller, Minimum System, Hardisk, CD-ROM, DVD-ROM, Prosessor, RAM, ROM, LAN Card, Sound Card, TV Cable. ","Data adalah suatu yang tidak dapat digunakan tanpa ada data lain, Informasi adalah kumpulan data data yang dihubungkan menjadi suatu informasi, Pengetahuan adalah Kumpulan dari informasi informasi yang dapat digunakan atau dimanfaatkan dalam kehidupan. ","Dihapus, Diolah kembali, Diasingkan, gunakan Ad-Block. ",Memory yang dapat dihapus. ,"LCD Liquid Crystal Display, CPu Central Processing Unit, GPS Graphical Position Satellite. ","Android, Beta, Centa, Delta, Entiti ,Fair ,Game ,Have ,Int ,Juanda, Kitkat, Lolipop. ","Topoligi LAN adalah topologi jaringan Local atau Local Area Network, topologi tersebut digunakan untuk network kecil seperti di rumah, kos, warung kopi ,dll yang kecil. Contoh topologi adalah Star, Mesh, Tree, Bus, Ring. ",Bluetooth adalah Gigi Biru atau biasa digunakan untuk menghubungan perangkat elektronik yang ingin bertukar data. ,30,27,53,46,9,27,75,12,55,28
siswa_26,"alat elektronik yang dapat menghitung dan menganalisa data secara cepat dan cermat, dapat juga menjalankan aplikasi multimedia. ",-mempermudah Dalam bidang pemasaran. -mempermudah Dalam bidang pembayaran. -mempermudah Dalam mereview produk.,"hardware adalah sebuah perangkat keras yang berhubungan dengan komputer, atau peralatan elektronik lainnya. -contoh hardware (harddisk, mouse, keyboard, prosesor, fan) ","-Data ialah keterangan atau bahan yang bisa dijadikan dasar penelitian atau kajian ilmiah. -informasi ialah pemberitahuan atau kabar berita. -Pengetahuan ialah sebuah dasar yang berkaitan Dengan ilmu, teori atau praktik.",-membersihkan hal yang mengandung spam. -melakukan scanning terhadap Data pada komputer. -rutin melakukan defragment.,volatile ialah memori sementara yang hilang apabila listrik mati atau komputer dimatikan. contohnya RAM ,-LCD Liquid Crystal display. -CPU Central Processing unit. -GPS Global Positioning system.,"cupcake, donut, eclair, froyo, gingerbread,honeycomb, ice cream sandwich, jellybean, KitKat, lollipop, marshmellow, nuttelo. ","LAN ialah jaringan lokal, penghubung antar pc dalam skala dan jangkauan yang kecil. contoh ( topologi ring, bus, star.) ",penghubung nirkabel antar device dengan jarak jangkauan yang terbatas dan sempit. ,21,24,50,23,5,45,100,88,43,9
siswa_27,"adalah alat yang dipakai untuk mengolah data menurut prosedur yang telah dirumuskan. Kata computer pada awalnya dipergunakan untuk menggambarkan orang yang perkerjaannya melakukan perhitungan aritmatika, dengan atau tanpa alat bantu, tetapi arti kata ini kemudian dipindahkan kepada mesin itu sendiri. Asal mulanya, pengolahan informasi hampir eksklusif berhubungan dengan masalah aritmetika, tetapi komputer modern dipakai untuk banyak tugas yang tidak berhubungan dengan matematika. ",- mendapat keuntungan - memudahkan transaksi - memudahkan mengirim uang,"semua bagian fisik komputer, dan dibedakan dengan data yang berada di dalamnya atau yang beroperasi di dalamnya, dan dibedakan dengan perangkat lunak (software) yang menyediakan instruksi untuk perangkat keras dalam menyelesaikan tugasnya. contohnya : - harddisk - floppydisk - Prosessor - ram - motherboard ",- Data : sesuatu yang belum mempunyai arti bagi penerimanya dan masih memerlukan adanya suatu pengolahan - informasi : pesan ucapan kata dari orang Lain melalui komunikasi langsung maupun tidak langsung yang memiliki makna dan manfaat - Pengetahuan : informasi atau maklumat yang diketahui atau disadari oleh seseorang.,tidak tahu ,"memory yang datanya dapat ditulis dan dihapus ,tetapi hilang saat kehilangan power (kondisi off) dan membutuhkan catu daya dalam mempertahankan memory. ",- LCD (Liquid Cristal Display) - CPU (Central Processing Unit) - GPS (Global Positioning System),- Donut (1.6) - Eclair (2.0–2.1) - Froyo (2.2–2.2.3) - Gingerbread (2.3–2.3.7) - Honeycomb (3.0–3.2.6) - Ice Cream Sandwich (4.0–4.0.4) - Jelly Bean (4.1–4.3) - KitKat (4.4+). ,Baper ,spesifikasi industri untuk jaringan kawasan pribadi (personal area networks atau PAN) tanpa kabel. Bluetooth menghubungkan dan dapat dipakai untuk melakukan tukar-menukar informasi di antara peralatan-peralatan. ,39,27,28,42,1,87,94,67,1,40
siswa_28,"pada awal komputer adalah mesin hitung untuk memudahkan pekerjaan manusia. saat ini komputer dapat digunakan untuk hal lain seperti bermain game, bekerja, mendengarkan musik dll. ",- cepat - efektif - efisien - praktis - mudah,hardware adalah perangkat keras untuk menghubungkan dengan software. contoh : - harddisk - printer - scanner - monitor - cpu ,"data adalah angka, gambar, video dll. informasi adalah kumpulan dari data. pengetahuan adalah kumpulan dari informasi yang sudah dibuktikan kebenarannya. ",- dibakar - didaur ulang,- ,GPS = Global Positioning System ,cupcake donut eclair froyo ginger bread honeycamb ice cream sandwich jelly bean kit kat lollipop marshmallow ,- ,fitur transfer data dengan jarak tertentu tanpa koneksi internet ,26,23,44,44,11,1,32,89,1,21
siswa_29,Komputer adalah mesin hitung. komputer digunakan untuk mengolah data dengan menggunakn mesin. Komputer saat ini sudah berkembang secara pesat. ,-mempermudah proses transaksi Bisnis -memperluas jangkauan pasar -memudahkan dokumentasi berkas,"Hardware adalah peralatan komputer yang dapat dilihat manusia. contoh - mouse , keyboard, monitor , mouse, scanner ","Data adalah informasi dari sebuah fakta, informasih adalah data yang telah di olah dan keberadaanya sangat di butuhkan. Pengetauhan adalah sebuah informasi yang di dapat dari sebuah pristiwa. ",-Dengan melakukan scaning menggunakan software,memory yang dapat bertambah ketika di butuhkan ,"LCD (Limited Crystal Diode), CPU(Central Processing Unit), GPS(Global ) ","jelly bean, kit-kat ","Lan adalah local area network adalah topologi jaringan yang memiliki lingkup lokal. Contoh star, bus, tree ",Bluetooth adalah media pengiriman yang menggunakan frequensi tertentu ,21,24,46,44,1,8,45,19,49,23
siswa_30,"Komputer adalah alat yang dipakai untuk mengolah data menurut prosedur yang telah dirumuskan. Kata computer pada awalnya dipergunakan untuk menggambarkan orang yang perkerjaannya melakukan perhitungan aritmatika, dengan atau tanpa alat bantu, tetapi arti kata ini kemudian dipindahkan kepada mesin itu sendiri. Asal mulanya, pengolahan informasi hampir eksklusif berhubungan dengan masalah aritmetika, tetapi komputer modern dipakai untuk banyak tugas yang tidak berhubungan dengan matematika. ","Menghemat waktu karena pesan lebih cepat diterima oleh penerima pengirim tidak perlu menunggu lama agar pesannya dibaca oleh penerima, Menghemat tenaga dan biaya karena pengirim tidak perlu datang ke kantor pos untuk mengirim surat, Menghemat biaya karena dengan internet messenger dapat melakukan komunikasi jarak jauh, Dapat bertatapan langsung dengan lawan bicara jika komputernya dilengkapi dengan webcam, yaitu alat yang berupa kamera, Memudahkan pencarian dokumen, karena dokumen tersimpan dengan rapi dan lebih aman jika dibandingkan dengan penyimpanan secara manual. ","engertian Hardware atau Perangkat Keras adalah komponen pada komputer yang dapat terlihat dan disentuh secara fisik. Jadi, rupa secara fisik dari komputer dapat kita sebut sebagai Hardware atau Perangkat Keras. Contoh dari Hardware adalah printer, mouse ","Data adalah sesuatu yang belum mempunyai arti bagi penerimanya dan masih memerlukan adanya suatu pengolahan. Informasi adalah data yang telah diolah menjadi sebuah bentuk yang berarti bagi penerima dan bermanfaat dalam pengambilan keputusan baik untuk saat ini maupun yang akan datang. informasi adalah sesuatu yang dapat diketahui, namun ada pula yang menekankan informasi sebagai transfer pengetahuan. ","Dalam buku E-Waste: Sampah Elektronik (2015), penulis Rafa Jafar memberikan tips bagaimana memperlakukan barang bekas atau e-waste sebelum akhirnya berakhir di dropbox. Ada langkah kecil yang dapat dilakukan untuk mengurangi sampah elektronik, seperti jual tambah, membawa ke tukang servis, memberikan ke orang lain yang membutuhkan, atau dikumpulkan untuk diberikan ke tempat pengolah e-waste. ","Memory volatile adalah memori yang datanya dapat ditulis atau dihapus, dan data akan hilang ketika tidak mendapat power / daya. Memory jenis ini hanya untuk penyimpanan data sementara saja, bukan untuk jangka waktu yang lama. Contoh dari memory volatile adalah RAM (Random Access Memory) digunakan sebagai memori utama untuk menyimpan program-program atau data-data yang sedang digunakan atau diperlukan oleh CPU saat dibutuhkan saja (sementara). ","GPU atau sering juga disebut VGA adalah saalah satu hardware pendukung bagi para desainer dan gamer yang memang kebutuhan grafisnya lebih berat daripada VGA Onboard yang sudah ada dari Mainboard. GPU kepanjangan dari Graphic Processing Unit. Singkatan GPU dan CPU memang tidak jauh berbeda, fungsi utama dari GPU itu sendiri memang di khususkan untuk mem-proses penggunaan grafik yang memang berat dan VGA Onboard tidak sanggup untuk menjalankan kebutuhan grafik tinggi tersebut, namun bukan berarti VGA Onboard sekarang tidak cukup untuk menjalakan beberapa penggunaan grafis grafik sebatas 3D biasa, CPU kepanjangannya adalah Central Processing Unit. CPU bertanggung jawab untuk melakukan semua dari perhitungan matematika yang diperlukan oleh komputer agar dapat berfungsi dengan baik. Dikarenakan komputer tidak dapat berfungsi tanpa CPU (yang mungkin juga disebut sebagai central processor atau hanya prosesor saja), tidak jarang terdengar orang merujuk ke CPU sebagai ""otak"" dari sebuah komputer, GPS atau Global Positioning System dalam pengertian sederhana adalah salah satu sistem yang akan membantu kita untuk mengetahui posisi kita berada saat ini. GPS bekerja dengan menstransmisikan sinyal dari satelit ke perangkat GPS (handphone atau Blackberry yang dilengkapi teknologi GPS misalnya). Untuk memperoleh detil posisi yang seakurat mungkin, GPS sebaiknya digunakan di ruang terbuka Penggunaan GPS di dalam ruangan, hutan ataupun di tempat yang banyak gedung-gedung tinggi, akan membuat GPS bekerja kurang akurat ","Android Beta, Android 1.1 (Bender), Android 1.5 Cupcake, Android 1.6 Donut, Android 2.0/2.1 Encla, Android 2.3 Gingerbread, Android 2.2 Frozen Yoghurt (Froyo), Android 3.0/3.1 Honeycomb, Android 4.0 Ice Cream Sandwich, ","LAN merupakan network atau jaringan sejumlah sistem komputer yang lokasinya terbatas didalam satu gedung, satu kompleks gedung atau suatu kampus dan tidak menggunakan media fasilitas komunikasi umum seperti telepon, melainkan pemilik dan pengelola media komunikasinya adalah pemilik LAN itu sendiri. ",Bluetooth adalah spesifikasi industri untuk jaringan kawasan pribadi (personal area networks atau PAN) tanpa kabel. Bluetooth menghubungkan dan dapat dipakai untuk melakukan tukar-menukar informasi di antara peralatan-peralatan. ,41,43,57,57,26,73,25,43,28,48
siswa_31,alat yang dipakai untuk mengolah data menurut prosedur yang telah dirumuskan dimana komputer itu sendiri merupakan perangkat elektronik yang terdiri dari beberapa komponen yang saling bekerja sama membentuk sebuah sistem kerja yang dapat menjalankan pekerjaan secara otomatis berdasar urutan instruksi ataupun program yang diberikan kepadanya sehingga dapat menghasilkan suatu informasi berdasarkan program dan data yang ada. ,- membantu mempercepat pekerjaan manusia - mempermudah sistem administrasi - mempermudah proses transaksi keuangan - mempermudah sistem administrasi - mempermudah Kegiatan promosi dan pemasaran suatu produk,"hardware (perangkat keras) adalah salah satu komponen dari sebuah komputer yang sifat alat nya bisa dilihat dan diraba secara langsung atau yang berbentuk nyata, yang berfungsi untuk mendukung proses komputerisasi, contohnya: keyboard, mouse, scanner, monitor, HDD, power supply, VGA card, RAM ",Data adalah sebuah fakta atau serangkaian fakta yang mewakili suatu kejadian. Informasi adalah hasil pemrosesan dari data yang telah terkumpul sehingga memiliki arti dalam suatu konteks tertentu. Pengetahuan adalah hasil pengolahan informasi sehingga menjadi bermanfaat. ,"- mendorong kepedulian semua pihak untuk mendukung pelaksanaan mekanisme EPR dan mekanisme insentif. - membangun sistem database untuk mendata: volume limbah elektronik, daftar industri rekondisi, daftar industri pengolah limbah. - Kebijakan untuk peranan dan pertumbuhan industri rekondisi dan memberlakukan standar untuk produk refurbish. - memberikan informasi kepada semua pihak (terutama sektor informal) akan bahaya penanganan e-waste yang tidak terkontrol. - Pengelolaan limbah B3 dari Kegiatan elektronik dapat dilakukan sendiri atau diberikan kepada pihak ketiga yang telah mendapatkan izin dari KLH","Volatile memory merupakan memory yang datanya dapat ditulis serta dihapus,tetapi akan hilang saat kehilangan power (kondisi off) serta membutuhkan satu daya dalam mempertahankan memory. Contohnya adalah RAM ",- LCD adalah Liquid Crystal Display - CPU adalah Central Processing Unit - GPS adalah Global Positioning System,- Donut (Androidversi 1.6) - Eclair (Android versi 2.0 - 2.1) - Froyo (Android versi 2.2 - 2.2.3) - Gingerbread (Android versi 2.3 - 2.4) - Honeycomb (Android versi 3.0 - 3.2) - Ice Cream Sandwich (Android versi 4.0) - Jelly Bean (Android versi 4.1 - 4.3),"LAN adalah Local Area Network, bus , ring, star, mesh ",spesifikasi industri untuk jaringan kawasan pribadi (personal area networks atau PAN) tanpa kabel. Bluetooth menghubungkan dan dapat dipakai untuk melakukan tukar-menukar informasi di antara peralatan-peralatan. ,29,43,78,74,20,85,100,55,43,48
siswa_32,Secara umum komputer adalah sekumpulan alat elektronik dimana satu dengan yang lainnya saling bekerja sama terkoordinasi dibawah kontrol program dengan kemampuan dapat menerima data dan mengolah data. ,-Kemajuan Teknologi komunikasi yang cepat dapat mempermudah komunikasi antara suatu tempat dan tempat yang lain. -Semakin maraknya penggunaan TIK akan Semakin membuka lapangan pekerjaan. -Bisnis yang berbasis TIK atau yang biasa disebut e-commerce dapat mempermudah transaksi-traansaksi Bisnis suatu perusahaan atau perorangan -Dengan fasilitas pemasangan iklan di internet pada situs-situs tertentu akan mempermudah Kegiatan promosi dan pemasaran suatu produk.,"hardware adalah perangkat keras, contohnya keyboard, mouse, scanner, motherboard, VGA. ","-Data adalah sebuah fakta atau serangkaian fakta yang mewakili suatu kejadian. Contoh: umur, nilai ujian, warna mobil, ukuran sepatu, jenis rambut, dsb. -Informasi adalah hasil pemrosesan dari data yang telah terkumpul sehingga memiliki arti dalam suatu k",-mendaur ulang sampah elektronik -bakar sampah elektronik yang bisa di bakar -di olah Dengan benar,Volatile = sementara Memory = Ingatan jadi Ingatan Sementara ,-LCD (Liquid Crsytal Display) -CPU (Control Processing Unit) -GPS (Global Positioning System),"Cupcake , Donut, Eclair, Froyo, Gingerbread, Honeycomb, Ice Cream Sandwich, Jelly Bean, dan KitKat. ","LAN adalah Local Area Network. bus, ring, mesh, star. ",Bluetuooth suatu software yang di gunakan untuk mentrasnfer data tanpa menggunakan peralatan - peralatan bantuan seperti kabel. ,28,39,49,52,29,25,94,88,43,31
siswa_33,"Komputer adalah alat yang dipakai untuk mengolah data menurut prosedur yang telah dirumuskan. Kata computer pada awalnya dipergunakan untuk menggambarkan orang yang perkerjaannya melakukan perhitungan aritmatika, dengan atau tanpa alat bantu, tetapi arti kata ini kemudian dipindahkan kepada mesin itu sendiri. ","- Membantu mempercepat pekerjaan manusia. Dengan menggunakan teknologi informasi dan komunikasi, pekerjaan manusia akan menjadi lebih cepat dan mudah. Misalnya, proses pembuatan proposal yaysan sosial, apabila menggunakan mesin ketik, maka diperlukan wakt","Hardware (Perangkat Keras) adalah komponen pada komputer yang dapat dilihat dan disentuh secara fisik. Contohnya : Joystick, Mouse, Monitor, Printer, Speaker, Keyboard, Scanner. ","- Data adalah sebuah fakta atau serangkaian fakta yang mewakili suatu kejadian. Contoh: umur, nilai ujian, warna mobil, ukuran sepatu, jenis rambut, dsb. - Informasi adalah hasil pemrosesan dari data yang telah terkumpul sehingga memiliki arti dalam suatu",- mendaur ulang Sampah. - memanfaatkan Sebagai bahan yg lebih penting,"Volatile memory merupakan memory yang datanya dapat ditulis serta dihapus,tetapi akan hilang saat kehilangan power (kondisi off) serta membutuhkan satu daya dalam mempertahankan memory. ",- LCD Liquid Crystal Display - CPU Central Processing Unit - GPS Global Positioning System,- Cupcake (Android versi 1.2 - 1.5) - Donut (Androidversi 1.6) - Eclair (Android versi 2.0 - 2.1) - Froyo (Android versi 2.2 - 2.2.3) - Gingerbread (Android versi 2.3 - 2.4) - Honeycomb (Android versi 3.0 - 3.2) - Ice Cream Sandwich (Android versi 4.0) - ,"Pengertian Topologi jaringan adalah bagian yang menjelaskan hubungan antar komputer yang di bangun berdasarkan kegunaan, keterbatasan resource dan keterbatasan biaya, berarti topologi-topologi jaringan yang ada bisa disesuaikan dengan keadaan di lapangan. Topologi jaringan ada beberapa bentuk sebagai berikut: - Topologi Bus - Topologi Cincin - Topologi Token Ring - Topologi Bintang - Topologi Pohon (tree) ",Blue=Biru Tooth=Gigi Jadi Gigi Biru ,29,24,75,52,22,91,100,53,55,1
siswa_34,Komputer adalah alat yang dipakai untuk mengolah data menurut prosedur yang telah dirumuskan ,- komunikasi yang cepat - Teknologi Sebagai media promosi - Kecepatan bertransaksi - jangkauan pasar yang luas,"Perangkat keras (hardware) komputer adalah alat-alat dari komputer yang dapat dilihat, disentuh atau berwujud/berbentuk untuk mendukung kinerja dari computer itu sendiri. - Input Device adalah Alat input / masukan - Process Device adalah Alat yang menjalankan proses sistem computer - Output Device adalah Alat output / keluaran, menghubungkan sistem keluar - Storage Device adalah Alat untuk menyimpan ",- Data dari tiga sumber di atas dapat ditarik kesimpulan persamaan bahwa Data merupakan kumpulan dari beberapa fakta dan angka. - informasi dari tiga sumber di atas dapat ditarik kesimpulan persamaan dari informasi adalah sama – sama memiliki proses Dalam menghantarkan (mengirim) Data atau pesan. - Pengetahuan dari tiga sumber di atas dapat ditarik kesimpulan persamaan dari Pengetahuan adalah informasi yang diterima oleh orang atau organisasi yang disadari dan dipahami.,"Penjualan barang elektronik yang terus melonjak hingga satu dekade mendatang diperkirakan akan terjadi di negara-negara berkembang dalam 10 tahun ke depan. Meningkatnya penjualan, tentu saja berdampak pada penumpukan sampah elektronik yang membahayakan lingkungan dan kesehatan manusia. ","Volatile memory adalah memory yang datanya dapat ditulis dan dihapus ,tetapi hilang saat kehilangan power (kondisi off) dan membutuhkan catu daya dalam mempertahankan memory. ",LCD adalah Liquid Crystal Display CPU adalah Central Processing Unit GPS adalah Global Positioning Dustem ,"Cupcake, Donut), Eclair, Froyo, Gingerbread), Honeycomb, Ice Cream Sandwich, Jelly Bean, KitKat, Lollipop, Marsmellow ","Pengertian Topologi jaringan adalah bagian yang menjelaskan hubungan antar komputer yang di bangun berdasarkan kegunaan, keterbatasan resource dan keterbatasan biaya, berarti topologi-topologi jaringan yang ada bisa disesuaikan dengan keadaan di lapangan. - Topologi Bus - Topologi Cincin - Topologi Token Ring - Topologi Bintang - Topologi Pohon (tree) ",Bluetooth adalah spesifikasi industri untuk jaringan kawasan pribadi (personal area networks atau PAN) tanpa kabel. Bluetooth menghubungkan dan dapat dipakai untuk melakukan tukar-menukar informasi di antara peralatan-peralatan ,27,29,40,48,22,88,91,91,55,32
siswa_35,"adalah alat yang dipakai untuk mengolah data menurut prosedur yang telah dirumuskan. Kata computer pada awalnya dipergunakan untuk menggambarkan orang yang perkerjaannya melakukan perhitungan aritmatika, dengan atau tanpa alat bantu, tetapi arti kata ini kemudian dipindahkan kepada mesin itu sendiri. ",- Munculnya peluang Bisnis baru yakni e-Business. - memperluas Pangsa Pasar. - Mengurangi biaya produksi dan operasional.,"hardware adalah perangkat keras komputer, semua yg bisa kita sentuh dan bisa kita lihat bentuk nyatanya dalam komputer itu hardware mulai monitor, mouse, keyboard, motherboard, vga, ram, processor, dll ","- Data adalah sebuah fakta atau serangkaian fakta yang mewakili suatu kejadian. Contoh: umur, nilai ujian, warna mobil, ukuran sepatu, jenis rambut, dsb. - Informasi adalah hasil pemrosesan dari data yang telah terkumpul sehingga memiliki arti dalam suatu",daur ulang dimanfaatkan menjadi benda yang bermanfaat ,"volatile memory merupakan memory yang datanya dapat ditulis serta dihapus,tetapi akan hilang saat kehilangan power (kondisi off) serta membutuhkan satu daya dalam mempertahankan memory. ",lcd adalah Liquid Crystal Display cpu adalah Central Processing Unit gps adalah global positioning system ,"Cupcake, Donut, Eclair , Froyo, Gingerbread, Honeycomb, Ice Cream Sandwich, Jelly Bean, dan KitKat ",. Topologi adalah cara stasiun atau host (node) saling dihubungkan. - Topologi Point-to-point - Topologi Bus (Multipoint) - Topologi Ring ,Bluetooth adalah spesifikasi industri untuk jaringan kawasan pribadi (personal area networks atau PAN) tanpa kabel ,28,30,62,70,25,87,100,88,57,28
siswa_36,"menerima, mengolah dan memberikan informasi ",memperbanyak keuntungan. mempermudah pekerjaan. biaya rendah ,"perangkat keras komputer contohnya mouse,keyboard,monitor,printer,lcd ",data merupakan sekumpulan informasi secara terstruktur. informasi menyediakan informasi secara lisan dan tertulis. pengetahuan berupa pemahaman suatu data ,menggunakan barang secara bijak. ,memory tambahan ,"liquid control desktop, control prosesing unit, google prosesing satelit ","ice cream, jelly bean, gingerbread ","local area network. star, ring, smesh ",media share data tanpa kabel ,7,23,54,29,13,7,23,30,30,22
siswa_37,tempat menerima dan mengolah data ,"tidak ada jarak tempat aantara penjual dan pembeli, tidak ada jarak tempat aantara penjual dan pembeli, ","hardware adalah perangkat keras contoh keyborad, mouse, cpu, printer, ","data adalah sumber dari informasi, informasi kumpulan data yang bermakkna, pengetahuan adalah ilmu yang di dapatkan adari informasi ","delete, bokir ,tidak usah buat ",valatile memory tempat penyimpana data volatile ,"LCD Luquid Control Desktop, CPU Control Prosessing Unit, GPS Google Procesor Satlite ","Cupcake,donat,eclaire,froyo,gingabeard,honeycomb,ice cream sandwich,jellybeans,kitkat,lolipop,,martabak ","local area network, utp, udp, telnet ",bluetooth adalah spesifikasi industri untuk jaringan pribadi tanpa kabel ,6,28,52,43,1,28,31,76,22,25
siswa_38,"Komputer adalah sebuah alat yang digunakan untuk manipulasi data, komputer berisi hardware, software, dan brainware. ","Kegiatan bisnis mudah berjalan, tidak ada batas jarak antara penjual dan pembeli, tidak ada batas waktu antara penjual dan pembeli. ","Hardware adalah perangkat keras dari komputer, contohnya adalah CPU, mouse, keyboard, headseat, monitor. ","Data adalah sumber dari informasi, informasi adalah kumpulan data yang bermakna, sedangkan pengetahuan adalah ilmu yang di dapat dari informasi. ","Menghapus sampah elektronik, memblokir sampah elektronik, tidak membuat sampah elektronik. ",Volatile memory adalah tempat penyimpanan data volatile. ,"LCD adalah Liquied Control Desktop, CPU adalah Control Processor Unit, GPS adalah Google Proyektor Satelit. ","Android donat, ecliyer, froyo, gingabread, ice cream sandwith, jellybean, kitkat, lolypop, marshmallo ","Topologi jaringan LAN (Local Area Network) adalah sebuah areal lokal jaringan dan contohnya UTP, UDP, Telnet, Ssh ",Bluetooth adalah sebuah media yang di gunakan untuk berbagi (share) data. ,12,32,53,43,21,27,28,56,27,26
siswa_39,"komputer adalah sebuah mesin yang berfungsi untuk mempermudah pekerjaan manusia yang berawal dari mesin ketik biasa, komputer menggunakan bahasa mesin. ","mempermudah dalam pengolahan data-data yang ada dalam dunia bisnis, ","Hardware adalah perangkat keras contoh keyboard,monitor,cpu,lcd proyektor, mouse ",Data adalah sumber informasi informasi adalah sekumpulan data pengetahuan adalah ilmu yang didapat dari informasi ,"Hapus,Blokir, ",tempat untuk menyimpan data volatile ,LCD adalah liquied control dekstop Cpu adalah Control Processing Unit GPS adalah Genji Perfect Seiha ,"Donut, Eclaire, Froyo, GinggerBread, HoneyComb, Ice Cream Sandwich, JellyBean, KitKat, Lollipop, Marshmallow ","Lan adalah Local Area Network contoh Utp,Udp,Telnet, SSH dan lain lain ",adalah sebuah sisstem yang berfungsi untuk transfer file atau data tanpa melalui kabel ,25,12,51,40,1,27,33,90,26,27
siswa_40,mesin pegolah kata ,pekerjaan lebih efisien menejemen database mudah melakukan transaksi ,perangkat keras contoh : harddisk ram mouse motherboard keyboard printer scanner heatsink casing processor flashdisk disket cd-rom dvd-rom monitor vga card sound card cable ide speaker headset modem router hub switch ,data ' informasi data tidak sama dengan indormasi sendangkan pengetahuan adalah ilmu untuk mempelajari data dan informasi ,di daur ulang di daur ulang di daur ulang ,"Volatile memory, contrary to non-volatile memory, is computer memory that requires power to maintain the stored information ",LCD = liquid crystal display CPU = central processing unit GPS = Global Positioning System ,Android 1.5 Cupcake (API level 3) Android 1.6 Donut (API level 4) Android 2.0 Eclair (API level 5) Android 2.0.1 Eclair (API level 6) Android 2.1 Eclair (API level 7) Android 2.2–2.2.3 Froyo (API level 8) Android 2.3–2.3.2 Gingerbread (API level 9) Android 2.3.3–2.3.7 Gingerbread (API level 10) Android 3.0 Honeycomb (API level 11) Android 3.1 Honeycomb (API level 12) Android 3.2 Honeycomb (API level 13) Android 4.0–4.0.2 Ice Cream Sandwich (API level 14) Android 4.0.3–4.0.4 Ice Cream Sandwich (API level 15) Android 4.1 Jelly Bean (API level 16) Android 4.2 Jelly Bean (API level 17) Android 4.3 Jelly Bean (API level 18) Android 4.4 KitKat (API level 19) Android 5.0 Lollipop (API level 21) Android 6.0 Marshmallow (API level 22) ,suatu cara atau konsep untuk menghubungkan beberapa atau banyak komputer sekaligus menjadi suatu jaringan yang saling terkoneksi. topologi bus topologi star topologi tree topoplogi mesh ,Bluetooth adalah spesifikasi industri untuk jaringan kawasan pribadi (personal area networks atau PAN) tanpa kabel. Bluetooth menghubungkan dan dapat dipakai untuk melakukan tukar-menukar informasi di antara peralatan-peralatan. ,6,22,40,20,11,10,100,70,46,42
siswa_41,komputer adalah sebuah hardware yg berfungsi membantu manusia untuk bekerja ,- jaringan Bisnis turun menurun - jika Bisnis lancar uang juga lancar - client lebih suka pembisnis yg profesional,hardware adalah perangkat keras komputer contoh : - printer - mouse - keyboard - cpu - monitor ,data : serangkaian fakta yang mewakili suatu kejadian informasi : hasil pemrosesan dari data yang telah terkumpul sehingga memiliki arti dalam suatu konteks tertentu pengetahuan : hasil pengolahan informasi sehingga menjadi bermanfaat. ,- disimpan - di daur ulang - dijadikan pajangan,merupakan memory yang datanya dapat ditulis serta dihapus tetapi akan hilang ,LCD : liquit Crystal display CPU : Central Processing Unit GPS : global positioning system ,android cupcake versi curve ,"bagian yang menjelaskan hubungan antar komputer yang di bangun berdasarkan kegunaan contoh : topologi bus , topologi cincin , topologin ring ",digunakan untuk mengirim/ mentrasfer data atau file ,22,13,50,70,12,47,100,7,42,28
siswa_42,alat untuk mempermudah pekerjaan manusia. alat untuk mempersingkat waktu dalam pekerjaan ,"bisnis berjalan cepat , dapat maju dengan peasat , banyak informasi yang di dapat ",hard=keras ware=perangkat jadi perangkat keras ,"data adalah kumpulan informasi , informasi adalah sekumpulan data yang di dapat , pengetahuan adalah informasi yang didapat dari berbagai media ","menggunakan antivirus , melakukan pembersihan data yang tidak penting ","Volatile memory adalah memory yang datanya dapat ditulis dan dihapus ,tetapi hilang saat kehilangan power (kondisi off) dan membutuhkan catu daya dalam mempertahankan memory ","liquid crystal display , central processing unit , global positioning system ","Android versi 1.0 (Astro) , Android versi 1.1 (Bender) , Android versi 1.5 (Cupcake) , Android versi 2.3 (Gingerbread) , Android versi 4.0 (ICS: Ice Cream Sandwich) , Android versi 4.1 (Jelly Bean) , Android versi 4.4 (KitKat) ","Jaringan LAN atau Lokal Area network, seperti namanya Jaringan komputer berbasis LAN adalah terbatas pada area lokal contoh topologi topologi bus , topologi star , topologi ring ","Bluetooth adalah suatu peralatan media komunikasi yang dapat digunakan untuk menghubungkan sebuah perangkat komunikasi dengan perangkat komunikasi lainnya, bluetooth umumnya digunakan di handphone, komputer atau pc, tablet, dan lain-lain. Fungsi bluetooth yaitu untuk mempermudah berbagi atau sharing file, audio, menggantikan penggunaan kabel dan lain-lain. Saat ini sudah banyak sekali perangkat yang menggunakan bluetooth. ",22,23,22,45,7,87,87,43,58,48
siswa_43,komputer adalah alat bantu manusia yang dapat digunakan untuk mempermudah pekerjaan manusia ,hemat waktu. hemat biaya. lebih rapi ,"sebuah perangkat keras dari PC. contohnya : keyboard, mouse, harddisk ","data merupakan sekumpulan informasi, informasi merupakan hal hal yang bisa dimasukkan ke dalam data ",melakukan pembersihan secara berkala. memiliki aplikasi penghapus spam. tidak menginstall hal hal yang tidak diperlukan ,memory yang digunakan untuk penyimpanan sementara ,LCD : liquid crystal display. CPU : central processing unit. GPS : Global positioning system ,"donut, eclair, froyo, gingerbread, honeycomb, ice cream sandwich, jelly bean, kit kat, lollipop, marshmallow ","susunan jaringan yang digunakan dalam LAN. contohnya topologi bus, topologi star, topologi ring ",suatu teknologi untuk menghubungkan dan dapat dipakai untuk melakukan tukar-menukar informasi di antara peralatan-peralatan. ,25,22,33,22,8,28,100,84,53,27
siswa_44,"komputer adalah alat komputasi elektronik. yang mana berguna untuk meringankan pekerjaan manusia dalam proses perhitungan, pengolahan data, dan lainnya. ","efisien, hemat, cepat, dan efektif ","hardware adalah perangkat keras. contoh : harddisk, keyborad, mouse, usb flashdisk, motherboard ","data adalah bahan baku informasi, informasi adalah hasil pengolahan dan manipulasi data, pengetahuan adalah ilmu yang di dapat setelah kita menerima data dan informasi. ","daur ulang menjadi produk baru, dilebur, dijadikan bahan campuran ","-Volatile memory adalah memory yang datanya dapat ditulis dan dihapus ,tetapi hilang saat kehilangan power (kondisi off) dan membutuhkan catu daya Dalam mempertahankan memory.",- LCD = Liquid Crystal Display - CPU = Central Processing Unit - GPS = Global Positioning System,"Cupcake (1.5), Donut (1.6), Eclair (2.0–2.1), Froyo (2.2–2.2.3), Gingerbread (2.3–2.3.7), Honeycomb (3.0–3.2.6), Ice Cream Sandwich (4.0–4.0.4), Jelly Bean (4.1–4.3), dan KitKat (4.4+) ","topologi jaringan LAN adalah model topologi dalam pengaturan kabel Lan. contoh : ring, bus, tree ",bluetooth adalah personal area network yang terhubung dengan jarak beberapa meter untuk pengaksesan ke hubungan jaringan. menggunakan teknologi infra red ,24,24,47,42,20,88,100,67,32,18
siswa_45,"alat yang dipakai untuk mengolah data menurut prosedur yang telah dirumuskan. Kata computer pada awalnya dipergunakan untuk menggambarkan orang yang perkerjaannya melakukan perhitungan aritmatika, dengan atau tanpa alat bantu, tetapi arti kata ini kemudian dipindahkan kepada mesin itu sendiri. ",cepat tepat mudah ,"Perangkat Keras adalah komponen pada komputer yang dapat terlihat dan disentuh secara fisik. Jadi, rupa secara fisik dari komputer dapat kita sebut sebagai Hardware contohnya Printer, mouse, LCD, Keyboard dan CPU ",Data adalah suatu rincian peristiwa yang belum di olah informasi adalah hasil pengelolaan data pengetahuan adalah hasil dari pengelolaan suatu informasi dan menjadi pengetahuan ,"Memisahkan antara sampah basah, sampah kering dan sampah elektronik meningkatkan kreatifitas dengan mengelola sampah elektronik jangan membuang sampah lektronik sembarangan ","merupakan memory yang datanya dapat ditulis serta dihapus,tetapi akan hilang saat kehilangan power (kondisi off) serta membutuhkan satu daya dalam mempertahankan memory. ",LCD adalah liquid crystal display CPU adalah Central Processing Unit GPS adalah Global Posessing Unit ,"Cupcake, Donut, Eclair, Froyo, Gingerbread, honeycomb, Ice Cream Sandwich, Jellybean, Kitkat, Marshmallow ","LAN adalah jaringan komputer yang jaringannya hanya mencakup wilayah kecil; seperti jaringan komputer kampus, gedung, kantor, dalam rumah, sekolah atau yang lebih kecil. Saat ini, kebanyakan LAN berbasis pada teknologi IEEE 802.3 Ethernet menggunakan perangkat switch, yang mempunyai kecepatan transfer data 10, 100, atau 1000 Mbit/s. Topologi Star, Topologi Mesh dan Topologi Hirarki ",spesifikasi industri untuk jaringan kawasan pribadi (personal area networks atau PAN) tanpa kabel. Bluetooth menghubungkan dan dapat dipakai untuk melakukan tukar-menukar informasi di antara peralatan-peralatan. ,29,17,77,50,43,87,86,88,48,42
siswa_46,"Serangkaian ataupun sekelompok mesin elektronik yang terdiri dari ribuan bahkan jutaan komponen yang dapat saling bekerja sama, serta membentuk sebuah sistem kerja yang rapi dan teliti. ",Informasi yang dibutuhkan akan semakin cepat dan mudah di akses untuk kepentingan pendidikan. Inovasi dalam pembelajaran semakin berkembang dengan adanya inovasi e-learning yang semakin memudahkan proses pendidikan. Kemajuan TIK juga akan memungkinkan berkembangnya kelas virtual atau kelas yang berbasis teleconference yang tidak mengharuskan sang pendidik dan peserta didik berada dalam satu ruangan. ,"Suatu komponen yang ada pada komputer, bisa dilihat secara kasat mata dan mampu disentuh secara fisik. mouse, keyboard, joystick, speaker, monitor, printer. ",Data adalah sebuah fakta atau serangkaian fakta yang mewakili suatu kejadian. Informasi adalah hasil pemrosesan dari data yang telah terkumpul sehingga memiliki arti dalam suatu konteks tertentu. Pengetahuan adalah hasil pengolahan informasi sehingga menjadi bermanfaat. ,mendaur ulang. memisahkan bahan-bahan yang berbahaya dan beracun atau B3 ,"merupakan memory yang datanya dapat ditulis serta dihapus,tetapi akan hilang saat kehilangan power (kondisi off) serta membutuhkan satu daya dalam mempertahankan memory. ","CPU (Central Processing Unit), LCD: Liquid CRYSTAL Display, GPS = Global Positioning System ","donut, Eclair, froyo, Gingerbread, Honeycomb, ice cream sandwich, jelly bean, kitkat, lollipop,Marshmallow ","bagian yang menjelaskan hubungan antar komputer yang di bangun berdasarkan kegunaan, keterbatasan resource dan keterbatasan biaya, berarti topologi-topologi jaringan yang ada bisa disesuaikan dengan keadaan di lapangan. star, bus, cincin ","sebagai teknologi komunikasi wireless (tanpa kabel) yang beroperasi dalam pita frekuensi 2,4 GHz unlicensed ISM (Industrial, Scientific and Medical) dengan menggunakan sebuah frequency hopping tranceiver yang mampu menyediakan layanan komunikasi data dan suara secara real-time antara host-host bluetooth dengan jarak jangkauan layanan yang terbatas yakni sekitar 10 meter. ",27,26,65,60,33,87,100,88,49,27
siswa_47,komputer adalah alat yang digunakan untuk mengolah data dan angka ,mempermudah pekerjaan dan pengolahan angka ,adalah perangkat keras komputer yang berada di luar ,-Data adalah kumpulan informasi berupa angka ataupun huruf -informasi adalah Data - Pengetahuan merupakan sumber informasi yang berguna bagi masyarakat,di lenyapkan ,memory yang digunakan untuk menyimpan data ,haha ,android cupcake ,topologi LAN ,digunakan untuk transfer data berupa file dan data ,11,7,24,47,1,23,1,10,8,29
siswa_48,alat elektronik yang terdiri dari hardware dan software untuk mejalankan atau melakukan tugas tertentu ,-lebih ringkas -lebih cepat -lebih mudah,hardware adalah perangkat keras yang ada pada komputer -processor -memory -ram -hardisk -video card ,-Data adalah kumpulan informasi yang belum diolah -informasi adalah kumpulan Data yang sudah diolah dan saling berhubungan -Pengetahuan Pengetahuan atau kesimpulan yang diambih dari kumpulan informasi,-tingkatkan keamanan -perbaiki sistem secara berkala -bersihkan virus,volatile memory adalah memory sementara untuk menjalankan komputer. hal ini untuk menyeimbangkan antara RAM dan processor ,-LCD adalah licuid Display -CPU adalah centar Processing Unit -GPS adalah Global position System,-ics -Jellybean -KitKat -lilipop -mashmellow,lan adalah koneksi ke berbagai komputer atau server menggunkana kabel -topologi star -topologi ring -topologi bus ,bluetooth adalah koneksi ke bluetooth lain tanpa kabel ,12,20,41,48,7,45,53,28,30,23